Date,ticker,Open,High,Low,Close,Adj Close,Volume
2022-01-03,SNOW,341.0,344.0,322.2749938964844,332.010009765625,332.010009765625,2596200
2022-01-04,SNOW,330.25,330.510009765625,298.7099914550781,315.5299987792969,315.5299987792969,5695700
2022-01-05,SNOW,308.3999938964844,315.3399963378906,291.55999755859375,296.8699951171875,296.8699951171875,4431400
2022-01-06,SNOW,294.239990234375,306.55999755859375,286.0,297.0899963378906,297.0899963378906,3936900
2022-01-07,SNOW,296.9800109863281,307.57501220703125,292.05999755859375,299.67999267578125,299.67999267578125,2700600
2022-01-10,SNOW,290.0,303.0899963378906,273.8299865722656,302.7300109863281,302.7300109863281,5469400
2022-01-11,SNOW,296.260009765625,308.54998779296875,293.33099365234375,301.2699890136719,301.2699890136719,3083400
2022-01-12,SNOW,316.0,316.0,303.4100036621094,307.1400146484375,307.1400146484375,3630500
2022-01-13,SNOW,308.6499938964844,308.989990234375,291.03900146484375,291.760009765625,291.760009765625,3076800
2022-01-14,SNOW,287.69000244140625,297.3800048828125,283.1210021972656,289.5899963378906,289.5899963378906,2888200
2022-01-18,SNOW,289.32000732421875,296.9700012207031,282.0899963378906,287.67999267578125,287.67999267578125,3847400
2022-01-19,SNOW,289.0199890136719,298.1099853515625,282.5,282.55999755859375,282.55999755859375,2887700
2022-01-20,SNOW,290.4599914550781,297.5,278.5199890136719,279.2699890136719,279.2699890136719,2747300
2022-01-21,SNOW,278.739990234375,282.95001220703125,264.70001220703125,267.55999755859375,267.55999755859375,4507200
2022-01-24,SNOW,260.2099914550781,281.57000732421875,245.1999969482422,277.5,277.5,7167300
2022-01-25,SNOW,275.2699890136719,278.489990234375,257.7799987792969,263.42999267578125,263.42999267578125,4707200
2022-01-26,SNOW,272.5,276.739990234375,248.13800048828125,253.10000610351562,253.10000610351562,5117500
2022-01-27,SNOW,259.7099914550781,262.0,241.86000061035156,244.72000122070312,244.72000122070312,4667400
2022-01-28,SNOW,244.0,254.13999938964844,232.8300018310547,253.52000427246094,253.52000427246094,4990000
2022-01-31,SNOW,261.0,276.1700134277344,258.1610107421875,275.8999938964844,275.8999938964844,3984400
2022-02-01,SNOW,281.79998779296875,286.8500061035156,270.3299865722656,283.760009765625,283.760009765625,3219500
2022-02-02,SNOW,282.55999755859375,282.79998779296875,265.3299865722656,268.2799987792969,268.2799987792969,2751200
2022-02-03,SNOW,254.1999969482422,266.0,251.0,256.260009765625,256.260009765625,3197700
2022-02-04,SNOW,262.55999755859375,283.0,255.3800048828125,275.7200012207031,275.7200012207031,4393400
2022-02-07,SNOW,291.0,304.4599914550781,286.7699890136719,293.19000244140625,293.19000244140625,8317100
2022-02-08,SNOW,287.20001220703125,298.5,287.20001220703125,293.510009765625,293.510009765625,2717300
2022-02-09,SNOW,304.8999938964844,308.20001220703125,299.0,307.94000244140625,307.94000244140625,2730800
2022-02-10,SNOW,300.20001220703125,329.489990234375,299.5,311.1099853515625,311.1099853515625,6054400
2022-02-11,SNOW,312.0,321.3290100097656,288.5899963378906,293.69000244140625,293.69000244140625,4693500
2022-02-14,SNOW,294.05999755859375,300.8009948730469,290.3299865722656,291.1300048828125,291.1300048828125,2506900
2022-02-15,SNOW,298.8299865722656,302.0,291.8500061035156,300.0,300.0,2756800
2022-02-16,SNOW,295.0,306.07000732421875,294.1499938964844,304.70001220703125,304.70001220703125,2929300
2022-02-17,SNOW,298.0199890136719,304.8500061035156,285.5,286.2799987792969,286.2799987792969,3381900
2022-02-18,SNOW,290.9599914550781,295.0,272.6300048828125,273.7699890136719,273.7699890136719,3939500
2022-02-22,SNOW,271.05999755859375,282.4800109863281,264.5299987792969,267.7799987792969,267.7799987792969,3624400
2022-02-23,SNOW,272.4200134277344,276.8699951171875,252.0,252.6300048828125,252.6300048828125,3094300
2022-02-24,SNOW,242.61000061035156,270.42999267578125,240.10000610351562,269.8699951171875,269.8699951171875,5006400
2022-02-25,SNOW,267.79998779296875,275.8949890136719,263.010009765625,269.4200134277344,269.4200134277344,2730100
2022-02-28,SNOW,267.989990234375,274.5769958496094,260.70001220703125,265.6600036621094,265.6600036621094,4496500
2022-03-01,SNOW,267.5400085449219,272.8800048828125,261.30999755859375,263.19000244140625,263.19000244140625,2975400
2022-03-02,SNOW,265.6499938964844,268.5,250.5800018310547,264.69000244140625,264.69000244140625,13372800
2022-03-03,SNOW,223.41700744628906,234.0,215.7100067138672,224.02000427246094,224.02000427246094,33628800
2022-03-04,SNOW,219.27000427246094,224.4199981689453,208.0500030517578,209.64999389648438,209.64999389648438,10392100
2022-03-07,SNOW,215.25999450683594,219.8350067138672,192.40499877929688,193.0,193.0,8270400
2022-03-08,SNOW,191.0,199.4600067138672,182.74000549316406,191.61000061035156,191.61000061035156,8598300
2022-03-09,SNOW,201.44000244140625,210.11000061035156,196.6999969482422,207.55999755859375,207.55999755859375,5929800
2022-03-10,SNOW,202.97000122070312,202.97000122070312,192.25,197.85000610351562,197.85000610351562,4517300
2022-03-11,SNOW,200.0,200.00999450683594,179.92999267578125,180.4199981689453,180.4199981689453,5857200
2022-03-14,SNOW,178.86000061035156,181.5,164.36000061035156,166.75,166.75,7706400
2022-03-15,SNOW,168.97999572753906,172.0,164.2899932861328,170.77999877929688,170.77999877929688,8147700
2022-03-16,SNOW,177.02000427246094,198.16000366210938,176.22999572753906,197.83999633789062,197.83999633789062,13954600
2022-03-17,SNOW,195.0,210.75999450683594,191.05999755859375,208.85000610351562,208.85000610351562,8301100
2022-03-18,SNOW,212.0800018310547,225.42999267578125,209.11000061035156,222.85000610351562,222.85000610351562,10058200
2022-03-21,SNOW,217.75999450683594,222.1699981689453,206.05999755859375,212.97000122070312,212.97000122070312,6802200
2022-03-22,SNOW,212.7899932861328,229.33999633789062,210.57000732421875,224.9600067138672,224.9600067138672,6100400
2022-03-23,SNOW,221.17999267578125,228.77999877929688,216.80999755859375,222.24000549316406,222.24000549316406,4043300
2022-03-24,SNOW,222.0,227.7100067138672,210.0,227.57000732421875,227.57000732421875,4723100
2022-03-25,SNOW,227.8000030517578,231.77000427246094,216.22999572753906,219.80999755859375,219.80999755859375,4536500
2022-03-28,SNOW,220.0,238.53799438476562,219.00999450683594,235.88999938964844,235.88999938964844,7485500
2022-03-29,SNOW,240.0,246.52000427246094,236.0,239.6699981689453,239.6699981689453,6886200
2022-03-30,SNOW,236.00999450683594,244.38999938964844,228.5399932861328,231.6300048828125,231.6300048828125,5388600
2022-03-31,SNOW,230.99000549316406,237.302001953125,227.0,229.1300048828125,229.1300048828125,3842300
2022-04-01,SNOW,229.30999755859375,244.0500030517578,228.47000122070312,234.80999755859375,234.80999755859375,5847400
2022-04-04,SNOW,235.3800048828125,243.3300018310547,234.6649932861328,241.22999572753906,241.22999572753906,3380600
2022-04-05,SNOW,239.27000427246094,240.91000366210938,224.10000610351562,227.08999633789062,227.08999633789062,4820400
2022-04-06,SNOW,221.25,221.38999938964844,205.88999938964844,212.08999633789062,212.08999633789062,7872100
2022-04-07,SNOW,212.39999389648438,217.3000030517578,203.0800018310547,213.8800048828125,213.8800048828125,6089200
2022-04-08,SNOW,209.83999633789062,213.6699981689453,206.5399932861328,208.33999633789062,208.33999633789062,3947500
2022-04-11,SNOW,207.39999389648438,214.7100067138672,201.6300048828125,208.52999877929688,208.52999877929688,4482200
2022-04-12,SNOW,213.1300048828125,222.0,209.72000122070312,210.94000244140625,210.94000244140625,6790300
2022-04-13,SNOW,209.97000122070312,216.5,209.7899932861328,214.41000366210938,214.41000366210938,3393800
2022-04-14,SNOW,214.97999572753906,215.0,198.55999755859375,198.6300048828125,198.6300048828125,6470100
2022-04-18,SNOW,198.2100067138672,199.49000549316406,189.8800048828125,192.38999938964844,192.38999938964844,4037400
2022-04-19,SNOW,193.83999633789062,202.49000549316406,190.09800720214844,197.42999267578125,197.42999267578125,4517400
2022-04-20,SNOW,199.49000549316406,199.49000549316406,185.38999938964844,185.97999572753906,185.97999572753906,4713100
2022-04-21,SNOW,188.92999267578125,193.41000366210938,174.67999267578125,175.13999938964844,175.13999938964844,5417300
2022-04-22,SNOW,178.77999877929688,181.17999267578125,172.75999450683594,173.8000030517578,173.8000030517578,3986600
2022-04-25,SNOW,176.0,190.78500366210938,175.1999969482422,186.94000244140625,186.94000244140625,7585600
2022-04-26,SNOW,185.4199981689453,186.85000610351562,176.79100036621094,178.75999450683594,178.75999450683594,5078100
2022-04-27,SNOW,183.64999389648438,188.6300048828125,173.8000030517578,174.9499969482422,174.9499969482422,5688300
2022-04-28,SNOW,179.0,187.66000366210938,172.35000610351562,185.7100067138672,185.7100067138672,6160900
2022-04-29,SNOW,187.4499969482422,195.83999633789062,171.125,171.44000244140625,171.44000244140625,6805100
2022-05-02,SNOW,170.30999755859375,177.97999572753906,167.13999938964844,177.75999450683594,177.75999450683594,4614600
2022-05-03,SNOW,176.60000610351562,181.08999633789062,172.17999267578125,176.4199981689453,176.4199981689453,4610000
2022-05-04,SNOW,178.75,187.22999572753906,166.6699981689453,186.0,186.0,6957400
2022-05-05,SNOW,179.58999633789062,179.9499969482422,162.50999450683594,166.17999267578125,166.17999267578125,8838700
2022-05-06,SNOW,164.33999633789062,165.69000244140625,151.2100067138672,155.27000427246094,155.27000427246094,8785100
2022-05-09,SNOW,152.0500030517578,155.74000549316406,142.0500030517578,143.2899932861328,143.2899932861328,9364700
2022-05-10,SNOW,149.39999389648438,152.25999450683594,132.0,143.75999450683594,143.75999450683594,9287200
2022-05-11,SNOW,139.52999877929688,147.36000061035156,132.14999389648438,132.8800048828125,132.8800048828125,8271600
2022-05-12,SNOW,130.1199951171875,146.88999938964844,126.01000213623047,140.60000610351562,140.60000610351562,9381500
2022-05-13,SNOW,145.10000610351562,159.72000122070312,145.10000610351562,158.36000061035156,158.36000061035156,8540400
2022-05-16,SNOW,155.44000244140625,159.14999389648438,143.52000427246094,144.50999450683594,144.50999450683594,5964500
2022-05-17,SNOW,151.35000610351562,153.8800048828125,138.33999633789062,145.80999755859375,145.80999755859375,7513000
2022-05-18,SNOW,142.4499969482422,146.35000610351562,134.10000610351562,137.75999450683594,137.75999450683594,6221700
2022-05-19,SNOW,140.0399932861328,152.6300048828125,138.68499755859375,146.82000732421875,146.82000732421875,7643100
2022-05-20,SNOW,148.0,148.97999572753906,134.25999450683594,141.49000549316406,141.49000549316406,7485200
2022-05-23,SNOW,138.3800048828125,142.77999877929688,133.50999450683594,138.85000610351562,138.85000610351562,6250400
2022-05-24,SNOW,138.13999938964844,138.6199951171875,125.7699966430664,129.6300048828125,129.6300048828125,8593500
2022-05-25,SNOW,128.61000061035156,135.61500549316406,126.9000015258789,132.77000427246094,132.77000427246094,13474700
2022-05-26,SNOW,117.02999877929688,134.5,112.0999984741211,126.80000305175781,126.80000305175781,35730300
2022-05-27,SNOW,127.9000015258789,130.61000061035156,123.30999755859375,129.91000366210938,129.91000366210938,16797600
2022-05-31,SNOW,130.0,131.90499877929688,124.69000244140625,127.6500015258789,127.6500015258789,11346200
2022-06-01,SNOW,129.36000061035156,135.8300018310547,123.81999969482422,126.1500015258789,126.1500015258789,12115000
2022-06-02,SNOW,126.80999755859375,140.6999969482422,126.11000061035156,138.24000549316406,138.24000549316406,8457900
2022-06-03,SNOW,134.97999572753906,138.24000549316406,128.85000610351562,129.82000732421875,129.82000732421875,6696800
2022-06-06,SNOW,132.60000610351562,134.47999572753906,125.77999877929688,128.07000732421875,128.07000732421875,5189300
2022-06-07,SNOW,126.0,131.89999389648438,124.30999755859375,131.25999450683594,131.25999450683594,5812000
2022-06-08,SNOW,131.22999572753906,136.2899932861328,130.02999877929688,135.57000732421875,135.57000732421875,5157500
2022-06-09,SNOW,136.17999267578125,139.6750030517578,130.77999877929688,133.22999572753906,133.22999572753906,7248500
2022-06-10,SNOW,129.0,129.38999938964844,119.43000030517578,122.41999816894531,122.41999816894531,8888200
2022-06-13,SNOW,114.48999786376953,118.18000030517578,112.11000061035156,113.30000305175781,113.30000305175781,7139300
2022-06-14,SNOW,113.30000305175781,116.5,110.26499938964844,113.87000274658203,113.87000274658203,7119000
2022-06-15,SNOW,118.6500015258789,124.3499984741211,115.72000122070312,122.54000091552734,122.54000091552734,10479800
2022-06-16,SNOW,118.19000244140625,119.5999984741211,113.75,114.37999725341797,114.37999725341797,6207300
2022-06-17,SNOW,114.5,120.57499694824219,114.27999877929688,119.37999725341797,119.37999725341797,5754400
2022-06-21,SNOW,122.5999984741211,125.87999725341797,122.0,122.54000091552734,122.54000091552734,5005600
2022-06-22,SNOW,120.87000274658203,129.97999572753906,120.12999725341797,127.36000061035156,127.36000061035156,5987400
2022-06-23,SNOW,136.27999877929688,143.8699951171875,131.5500030517578,143.11000061035156,143.11000061035156,16880200
2022-06-24,SNOW,144.0,152.02000427246094,143.83999633789062,151.52999877929688,151.52999877929688,12204600
2022-06-27,SNOW,150.3800048828125,152.1999969482422,144.2899932861328,148.14999389648438,148.14999389648438,7273500
2022-06-28,SNOW,154.6199951171875,154.6199951171875,142.80999755859375,143.75999450683594,143.75999450683594,10120300
2022-06-29,SNOW,141.64999389648438,144.22000122070312,139.35000610351562,143.02999877929688,143.02999877929688,4794700
2022-06-30,SNOW,141.75,142.97999572753906,136.1300048828125,139.05999755859375,139.05999755859375,6208500
2022-07-01,SNOW,140.0850067138672,146.6699981689453,139.00999450683594,144.52999877929688,144.52999877929688,5788000
2022-07-05,SNOW,142.0,155.60000610351562,140.0500030517578,154.89999389648438,154.89999389648438,8422200
2022-07-06,SNOW,154.9600067138672,161.27999877929688,152.1199951171875,154.0,154.0,7381200
2022-07-07,SNOW,155.05999755859375,159.61000061035156,152.16000366210938,159.07000732421875,159.07000732421875,5823100
2022-07-08,SNOW,156.27000427246094,164.77999877929688,153.10000610351562,159.67999267578125,159.67999267578125,6302300
2022-07-11,SNOW,158.0500030517578,159.39999389648438,152.60000610351562,155.39999389648438,155.39999389648438,4136700
2022-07-12,SNOW,157.0,159.8000030517578,144.18099975585938,145.42999267578125,145.42999267578125,6783500
2022-07-13,SNOW,142.4499969482422,154.2899932861328,141.27999877929688,149.60000610351562,149.60000610351562,6728600
2022-07-14,SNOW,148.60000610351562,148.90499877929688,141.57000732421875,146.1999969482422,146.1999969482422,5345700
2022-07-15,SNOW,146.80999755859375,150.22000122070312,143.24000549316406,147.9499969482422,147.9499969482422,5836400
2022-07-18,SNOW,150.5,154.5399932861328,145.8000030517578,146.47000122070312,146.47000122070312,5710500
2022-07-19,SNOW,149.0,149.25,141.427001953125,146.4600067138672,146.4600067138672,5782200
2022-07-20,SNOW,147.94000244140625,158.5399932861328,147.0,156.89999389648438,156.89999389648438,6461500
2022-07-21,SNOW,155.47000122070312,161.3000030517578,154.47999572753906,157.72999572753906,157.72999572753906,4598400
2022-07-22,SNOW,157.63999938964844,161.14999389648438,142.1199951171875,142.99000549316406,142.99000549316406,7918700
2022-07-25,SNOW,141.0,142.9499969482422,136.83999633789062,140.25999450683594,140.25999450683594,5922100
2022-07-26,SNOW,137.0,137.44000244140625,129.77999877929688,130.1199951171875,130.1199951171875,7205800
2022-07-27,SNOW,136.42999267578125,142.64999389648438,133.7899932861328,141.3000030517578,141.3000030517578,5513700
2022-07-28,SNOW,140.22000122070312,143.27999877929688,134.32000732421875,143.27999877929688,143.27999877929688,5740700
2022-07-29,SNOW,145.0,149.97000122070312,142.0500030517578,149.91000366210938,149.91000366210938,5250700
2022-08-01,SNOW,146.64999389648438,153.85000610351562,143.3800048828125,150.97999572753906,150.97999572753906,4463500
2022-08-02,SNOW,143.1199951171875,156.64999389648438,143.0399932861328,153.3699951171875,153.3699951171875,8107400
2022-08-03,SNOW,155.39999389648438,163.25,155.39999389648438,162.3699951171875,162.3699951171875,4851400
2022-08-04,SNOW,156.77499389648438,161.58999633789062,154.61099243164062,160.75999450683594,160.75999450683594,6347000
2022-08-05,SNOW,155.94000244140625,168.41000366210938,155.7899932861328,165.52999877929688,165.52999877929688,6519500
2022-08-08,SNOW,166.1699981689453,175.8000030517578,166.1699981689453,170.85000610351562,170.85000610351562,7010500
2022-08-09,SNOW,168.05999755859375,169.19000244140625,159.0,160.5500030517578,160.5500030517578,5224400
2022-08-10,SNOW,169.52000427246094,174.97000122070312,168.6199951171875,174.39999389648438,174.39999389648438,5664100
2022-08-11,SNOW,178.91000366210938,179.9499969482422,167.24000549316406,167.8800048828125,167.8800048828125,5681300
2022-08-12,SNOW,166.19000244140625,169.5500030517578,163.50999450683594,168.67999267578125,168.67999267578125,4699600
2022-08-15,SNOW,167.8000030517578,171.6699981689453,166.61000061035156,170.44000244140625,170.44000244140625,2858300
2022-08-16,SNOW,162.0,167.49000549316406,158.74000549316406,167.35000610351562,167.35000610351562,8480700
2022-08-17,SNOW,164.08999633789062,166.47000122070312,157.07000732421875,161.2899932861328,161.2899932861328,6578700
2022-08-18,SNOW,162.32000732421875,162.8000030517578,159.5,161.75,161.75,3289500
2022-08-19,SNOW,159.64999389648438,159.8800048828125,151.625,153.94000244140625,153.94000244140625,5412100
2022-08-22,SNOW,149.9499969482422,153.89999389648438,147.72999572753906,151.61000061035156,151.61000061035156,5550800
2022-08-23,SNOW,151.5,158.89999389648438,151.0,153.07000732421875,153.07000732421875,4570300
2022-08-24,SNOW,153.19000244140625,161.97999572753906,153.19000244140625,159.49000549316406,159.49000549316406,10260700
2022-08-25,SNOW,191.25,196.99000549316406,184.1199951171875,196.27999877929688,196.27999877929688,25258400
2022-08-26,SNOW,196.0,205.66000366210938,194.8300018310547,197.7100067138672,197.7100067138672,20065900
2022-08-29,SNOW,194.0,196.8000030517578,183.2899932861328,186.42999267578125,186.42999267578125,12045600
2022-08-30,SNOW,188.8300018310547,191.11000061035156,180.2760009765625,184.74000549316406,184.74000549316406,8443500
2022-08-31,SNOW,187.27000427246094,188.7989959716797,180.13600158691406,180.9499969482422,180.9499969482422,6554500
2022-09-01,SNOW,178.05999755859375,178.1699981689453,165.88999938964844,173.14999389648438,173.14999389648438,10505700
2022-09-02,SNOW,175.0,178.39999389648438,170.38999938964844,171.49000549316406,171.49000549316406,5650600
2022-09-06,SNOW,170.0,174.1999969482422,168.4600067138672,169.8000030517578,169.8000030517578,6166600
2022-09-07,SNOW,170.75,178.22000122070312,167.7899932861328,177.75999450683594,177.75999450683594,5629700
2022-09-08,SNOW,175.3000030517578,182.27000427246094,174.35000610351562,179.47999572753906,179.47999572753906,4499400
2022-09-09,SNOW,181.11000061035156,189.19000244140625,181.00999450683594,188.19000244140625,188.19000244140625,5482400
2022-09-12,SNOW,190.0,195.33999633789062,188.26499938964844,195.2100067138672,195.2100067138672,5118600
2022-09-13,SNOW,183.0,190.16000366210938,179.92999267578125,187.42999267578125,187.42999267578125,6699900
2022-09-14,SNOW,187.8000030517578,199.36000061035156,185.11000061035156,197.97999572753906,197.97999572753906,7329900
2022-09-15,SNOW,194.60000610351562,203.6199951171875,193.7100067138672,196.49000549316406,196.49000549316406,9619400
2022-09-16,SNOW,192.6699981689453,193.66000366210938,182.05999755859375,184.6699981689453,184.6699981689453,17813400
2022-09-19,SNOW,183.0,188.0,181.32000732421875,187.6999969482422,187.6999969482422,5645600
2022-09-20,SNOW,185.5500030517578,189.38999938964844,182.6269989013672,182.74000549316406,182.74000549316406,5059400
2022-09-21,SNOW,183.1999969482422,188.91000366210938,178.67999267578125,178.72000122070312,178.72000122070312,5461900
2022-09-22,SNOW,178.83999633789062,182.01499938964844,170.8489990234375,171.7899932861328,171.7899932861328,4940400
2022-09-23,SNOW,170.0,174.74000549316406,167.13999938964844,172.1300048828125,172.1300048828125,6000300
2022-09-26,SNOW,171.25,176.91000366210938,164.25,165.11000061035156,165.11000061035156,6180500
2022-09-27,SNOW,170.3000030517578,174.77999877929688,165.5,169.86000061035156,169.86000061035156,5913100
2022-09-28,SNOW,170.47999572753906,174.9600067138672,168.63999938964844,173.83999633789062,173.83999633789062,4399400
2022-09-29,SNOW,170.3800048828125,173.3300018310547,166.0800018310547,170.33999633789062,170.33999633789062,4185100
2022-09-30,SNOW,168.6999969482422,178.4600067138672,168.41000366210938,169.9600067138672,169.9600067138672,5494700
2022-10-03,SNOW,170.80999755859375,174.64999389648438,161.77000427246094,172.50999450683594,172.50999450683594,7354500
2022-10-04,SNOW,180.0,184.02000427246094,178.0399932861328,183.80999755859375,183.80999755859375,7314400
2022-10-05,SNOW,180.52000427246094,186.5399932861328,176.27999877929688,185.35000610351562,185.35000610351562,5278400
2022-10-06,SNOW,185.0500030517578,189.75,182.7100067138672,188.91000366210938,188.91000366210938,5291000
2022-10-07,SNOW,183.24000549316406,183.43499755859375,174.53500366210938,175.10000610351562,175.10000610351562,5408900
2022-10-10,SNOW,176.13999938964844,176.72999572753906,157.0,159.0500030517578,159.0500030517578,7934800
2022-10-11,SNOW,157.66000366210938,158.39999389648438,145.75,153.52999877929688,153.52999877929688,11775300
2022-10-12,SNOW,154.4499969482422,159.1999969482422,147.8800048828125,158.52999877929688,158.52999877929688,6810200
2022-10-13,SNOW,148.6999969482422,158.1199951171875,145.6199951171875,156.25,156.25,10040100
2022-10-14,SNOW,159.35000610351562,163.86000061035156,152.0,152.3800048828125,152.3800048828125,7106200
2022-10-17,SNOW,158.5,168.47999572753906,156.69000244140625,167.5399932861328,167.5399932861328,7588600
2022-10-18,SNOW,174.8000030517578,178.4600067138672,171.4199981689453,173.1699981689453,173.1699981689453,8277900
2022-10-19,SNOW,169.77999877929688,174.32000732421875,168.2100067138672,171.0399932861328,171.0399932861328,3096500
2022-10-20,SNOW,171.8000030517578,179.9499969482422,171.00999450683594,174.0399932861328,174.0399932861328,4625900
2022-10-21,SNOW,171.75,177.52000427246094,166.72000122070312,177.10000610351562,177.10000610351562,4027600
2022-10-24,SNOW,178.0,178.0500030517578,169.75999450683594,174.77000427246094,174.77000427246094,3253600
2022-10-25,SNOW,177.25,183.4600067138672,176.2100067138672,181.82000732421875,181.82000732421875,3652100
2022-10-26,SNOW,169.8000030517578,179.5800018310547,167.77999877929688,169.4499969482422,169.4499969482422,6574100
2022-10-27,SNOW,171.63999938964844,175.17999267578125,168.10000610351562,169.11000061035156,169.11000061035156,4082200
2022-10-28,SNOW,162.63999938964844,164.3000030517578,155.02999877929688,159.69000244140625,159.69000244140625,7836600
2022-10-31,SNOW,159.25,161.8800048828125,155.85000610351562,160.3000030517578,160.3000030517578,4302500
2022-11-01,SNOW,164.74000549316406,167.41000366210938,158.74200439453125,159.5,159.5,3153100
2022-11-02,SNOW,157.75,157.99000549316406,147.25,147.75,147.75,6244000
2022-11-03,SNOW,146.61000061035156,157.19000244140625,146.1999969482422,150.47000122070312,150.47000122070312,5936000
2022-11-04,SNOW,148.72999572753906,148.75,129.36000061035156,132.30999755859375,132.30999755859375,10787700
2022-11-07,SNOW,133.4600067138672,134.08299255371094,126.30000305175781,129.10000610351562,129.10000610351562,5756400
2022-11-08,SNOW,130.91000366210938,133.6699981689453,124.88999938964844,129.16000366210938,129.16000366210938,5532900
2022-11-09,SNOW,126.5199966430664,128.8000030517578,122.7699966430664,126.26000213623047,126.26000213623047,6133100
2022-11-10,SNOW,140.10000610351562,149.27000427246094,139.6999969482422,145.3800048828125,145.3800048828125,9755200
2022-11-11,SNOW,146.63999938964844,162.3699951171875,143.7899932861328,159.41000366210938,159.41000366210938,8671700
2022-11-14,SNOW,157.3300018310547,160.89999389648438,152.47000122070312,157.83999633789062,157.83999633789062,4577600
2022-11-15,SNOW,165.58999633789062,168.0,160.60000610351562,163.49000549316406,163.49000549316406,4142800
2022-11-16,SNOW,159.6300048828125,161.49000549316406,153.91000366210938,154.14999389648438,154.14999389648438,3800700
2022-11-17,SNOW,149.73199462890625,151.7899932861328,145.30999755859375,147.69000244140625,147.69000244140625,4557900
2022-11-18,SNOW,151.24000549316406,151.52000427246094,144.71200561523438,146.1999969482422,146.1999969482422,3133100
2022-11-21,SNOW,143.25999450683594,144.55999755859375,138.39999389648438,141.13999938964844,141.13999938964844,3535100
2022-11-22,SNOW,142.50999450683594,143.6300048828125,136.50999450683594,143.36000061035156,143.36000061035156,4006200
2022-11-23,SNOW,143.72999572753906,148.1300048828125,140.25999450683594,146.4499969482422,146.4499969482422,4295900
2022-11-25,SNOW,144.6999969482422,145.13699340820312,141.66000366210938,144.72000122070312,144.72000122070312,1823500
2022-11-28,SNOW,143.1999969482422,146.2100067138672,140.5800018310547,141.07000732421875,141.07000732421875,3523900
2022-11-29,SNOW,141.1300048828125,141.56500244140625,136.25,136.55999755859375,136.55999755859375,3725200
2022-11-30,SNOW,134.8699951171875,142.97000122070312,131.97000122070312,142.89999389648438,142.89999389648438,12668700
2022-12-01,SNOW,144.50999450683594,155.0,143.25,154.0399932861328,154.0399932861328,16528800
2022-12-02,SNOW,149.39999389648438,153.50999450683594,147.0,149.74000549316406,149.74000549316406,6909600
2022-12-05,SNOW,147.97999572753906,148.94000244140625,135.50999450683594,135.6300048828125,135.6300048828125,9420500
2022-12-06,SNOW,136.02000427246094,137.97999572753906,132.50999450683594,136.72999572753906,136.72999572753906,6452100
2022-12-07,SNOW,137.1999969482422,140.24000549316406,134.1999969482422,137.41000366210938,137.41000366210938,5861200
2022-12-08,SNOW,139.27999877929688,144.97000122070312,135.58999633789062,142.8699951171875,142.8699951171875,5654500
2022-12-09,SNOW,142.58999633789062,148.67999267578125,141.8159942626953,144.52999877929688,144.52999877929688,4635800
2022-12-12,SNOW,144.17999267578125,151.39999389648438,144.1699981689453,150.8800048828125,150.8800048828125,5909800
2022-12-13,SNOW,160.0,162.6999969482422,150.0800018310547,150.5800018310547,150.5800018310547,7242100
2022-12-14,SNOW,151.52000427246094,156.30999755859375,146.58099365234375,149.1999969482422,149.1999969482422,6486200
2022-12-15,SNOW,144.3699951171875,148.39999389648438,142.22000122070312,142.64999389648438,142.64999389648438,4460800
2022-12-16,SNOW,142.44000244140625,144.8300018310547,139.0,142.4499969482422,142.4499969482422,6432800
2022-12-19,SNOW,140.33999633789062,143.25999450683594,137.22999572753906,138.10000610351562,138.10000610351562,3851500
2022-12-20,SNOW,135.0,141.99000549316406,134.79200744628906,141.2100067138672,141.2100067138672,3622300
2022-12-21,SNOW,141.72000122070312,146.80999755859375,137.8800048828125,146.75,146.75,3649500
2022-12-22,SNOW,143.02999877929688,144.39999389648438,137.77000427246094,140.3699951171875,140.3699951171875,4406600
2022-12-23,SNOW,138.77999877929688,139.5050048828125,135.22000122070312,138.49000549316406,138.49000549316406,2669600
2022-12-27,SNOW,136.33999633789062,139.17999267578125,133.58999633789062,137.75999450683594,137.75999450683594,2707000
2022-12-28,SNOW,137.13999938964844,139.55999755859375,136.0,138.4199981689453,138.4199981689453,2963600
2022-12-29,SNOW,139.1999969482422,143.9499969482422,137.99000549316406,142.3800048828125,142.3800048828125,3468800
2022-12-30,SNOW,139.3000030517578,143.61000061035156,138.82000732421875,143.5399932861328,143.5399932861328,2901900
2023-01-03,SNOW,146.47999572753906,149.1999969482422,135.33999633789062,135.5,135.5,4442000
2023-01-04,SNOW,137.27999877929688,137.60000610351562,128.5800018310547,130.44000244140625,130.44000244140625,6672900
2023-01-05,SNOW,129.3000030517578,129.49000549316406,121.04000091552734,121.55999755859375,121.55999755859375,8231800
2023-01-06,SNOW,122.08999633789062,126.06999969482422,119.2699966430664,124.05999755859375,124.05999755859375,5827400
2023-01-09,SNOW,127.2300033569336,137.63999938964844,126.66999816894531,134.42999267578125,134.42999267578125,8192900
2023-01-10,SNOW,134.86000061035156,138.4499969482422,133.74000549316406,137.94000244140625,137.94000244140625,4518400
2023-01-11,SNOW,138.1999969482422,141.06500244140625,136.5500030517578,139.7100067138672,139.7100067138672,4290300
2023-01-12,SNOW,140.38999938964844,142.16000366210938,135.10000610351562,142.13999938964844,142.13999938964844,3810000
2023-01-13,SNOW,139.3000030517578,141.77000427246094,137.30999755859375,140.8699951171875,140.8699951171875,4919300
2023-01-17,SNOW,141.14999389648438,147.32000732421875,139.4600067138672,145.72000122070312,145.72000122070312,4607400
2023-01-18,SNOW,147.4499969482422,148.57000732421875,140.0399932861328,140.11000061035156,140.11000061035156,4337000
2023-01-19,SNOW,137.5,140.5500030517578,135.0800018310547,135.24000549316406,135.24000549316406,4916400
2023-01-20,SNOW,136.4499969482422,145.08099365234375,135.32000732421875,144.82000732421875,144.82000732421875,4714200
2023-01-23,SNOW,146.5,150.9199981689453,144.74000549316406,150.3000030517578,150.3000030517578,4562700
2023-01-24,SNOW,148.1300048828125,152.75999450683594,145.25999450683594,145.7899932861328,145.7899932861328,4086100
2023-01-25,SNOW,138.27000427246094,144.92999267578125,134.33999633789062,144.44000244140625,144.44000244140625,7460100
2023-01-26,SNOW,148.6699981689453,152.4929962158203,144.75999450683594,152.4499969482422,152.4499969482422,4450200
2023-01-27,SNOW,150.58999633789062,161.32000732421875,150.3800048828125,159.36000061035156,159.36000061035156,11486800
2023-01-30,SNOW,156.77999877929688,159.72999572753906,152.80999755859375,152.9199981689453,152.9199981689453,4239500
2023-01-31,SNOW,153.77000427246094,157.25,151.2100067138672,156.44000244140625,156.44000244140625,5216200
2023-02-01,SNOW,158.58999633789062,166.8300018310547,155.44000244140625,165.22000122070312,165.22000122070312,5056100
2023-02-02,SNOW,173.83999633789062,178.6999969482422,170.25999450683594,178.0500030517578,178.0500030517578,8578200
2023-02-03,SNOW,168.0,175.49000549316406,163.0,163.2899932861328,163.2899932861328,7312900
2023-02-06,SNOW,159.74000549316406,163.52000427246094,156.7899932861328,158.07000732421875,158.07000732421875,5708700
2023-02-07,SNOW,157.92999267578125,161.5,154.4149932861328,160.77000427246094,160.77000427246094,5343200
2023-02-08,SNOW,161.25999450683594,165.0,158.0449981689453,159.05999755859375,159.05999755859375,3845300
2023-02-09,SNOW,161.94000244140625,166.72000122070312,161.27000427246094,162.67999267578125,162.67999267578125,4534100
2023-02-10,SNOW,159.66000366210938,162.00999450683594,154.72999572753906,157.3300018310547,157.3300018310547,4156600
2023-02-13,SNOW,158.5,165.05999755859375,157.0500030517578,161.9600067138672,161.9600067138672,3615700
2023-02-14,SNOW,159.97000122070312,171.94000244140625,158.24000549316406,171.02000427246094,171.02000427246094,4994800
2023-02-15,SNOW,171.39999389648438,175.9499969482422,170.07000732421875,175.27999877929688,175.27999877929688,4437200
2023-02-16,SNOW,171.0,172.72000122070312,163.9199981689453,164.39999389648438,164.39999389648438,4784600
2023-02-17,SNOW,160.5,160.77000427246094,151.5500030517578,154.0800018310547,154.0800018310547,7951500
2023-02-21,SNOW,150.60000610351562,155.0,150.0800018310547,151.25999450683594,151.25999450683594,3411000
2023-02-22,SNOW,149.5,155.3800048828125,149.5,150.66000366210938,150.66000366210938,4101900
2023-02-23,SNOW,153.5,154.08999633789062,147.75,153.1199951171875,153.1199951171875,4105800
2023-02-24,SNOW,149.85000610351562,150.75,145.27999877929688,148.44000244140625,148.44000244140625,3791700
2023-02-27,SNOW,150.1999969482422,154.6999969482422,148.5800018310547,154.64999389648438,154.64999389648438,4500000
2023-02-28,SNOW,154.67999267578125,155.72000122070312,152.92999267578125,154.3800048828125,154.3800048828125,4395000
2023-03-01,SNOW,154.22000122070312,156.64999389648438,153.0,154.5,154.5,8186400
2023-03-02,SNOW,139.0399932861328,140.14999389648438,131.1199951171875,135.27999877929688,135.27999877929688,25842200
2023-03-03,SNOW,135.50999450683594,143.3300018310547,135.5,142.11000061035156,142.11000061035156,9894400
2023-03-06,SNOW,142.64999389648438,146.74000549316406,140.84800720214844,142.07000732421875,142.07000732421875,5419200
2023-03-07,SNOW,141.0,146.19000244140625,140.10000610351562,142.4499969482422,142.4499969482422,4371900
2023-03-08,SNOW,140.22500610351562,144.3800048828125,139.2899932861328,142.64999389648438,142.64999389648438,3831700
2023-03-09,SNOW,141.3800048828125,144.10000610351562,136.0500030517578,136.3000030517578,136.3000030517578,5078200
2023-03-10,SNOW,135.02000427246094,135.78700256347656,128.55999755859375,131.4600067138672,131.4600067138672,8882300
2023-03-13,SNOW,129.97999572753906,140.4600067138672,128.75999450683594,137.72999572753906,137.72999572753906,7589600
2023-03-14,SNOW,138.63999938964844,140.0800018310547,134.8800048828125,139.82000732421875,139.82000732421875,6550400
2023-03-15,SNOW,136.27999877929688,140.1699981689453,135.3000030517578,139.5800018310547,139.5800018310547,4008200
2023-03-16,SNOW,140.0,142.44000244140625,137.39999389648438,138.9199981689453,138.9199981689453,4668300
2023-03-17,SNOW,138.63999938964844,139.44000244140625,133.55999755859375,135.6199951171875,135.6199951171875,5409600
2023-03-20,SNOW,133.80999755859375,135.5800018310547,131.6199951171875,135.47000122070312,135.47000122070312,3577400
2023-03-21,SNOW,136.97000122070312,142.2899932861328,135.30999755859375,141.47000122070312,141.47000122070312,4402300
2023-03-22,SNOW,141.1999969482422,142.8000030517578,135.47500610351562,135.6300048828125,135.6300048828125,4525700
2023-03-23,SNOW,137.99000549316406,141.1009979248047,135.0260009765625,140.57000732421875,140.57000732421875,6318800
2023-03-24,SNOW,139.3000030517578,141.97900390625,135.5500030517578,136.52999877929688,136.52999877929688,3653200
2023-03-27,SNOW,136.49000549316406,137.8699951171875,134.39999389648438,134.97000122070312,134.97000122070312,3940400
2023-03-28,SNOW,136.0,136.72000122070312,134.1699981689453,134.80999755859375,134.80999755859375,2692700
2023-03-29,SNOW,136.25999450683594,138.60000610351562,135.60000610351562,137.4600067138672,137.4600067138672,4051100
2023-03-30,SNOW,139.99000549316406,145.3300018310547,138.75999450683594,142.11000061035156,142.11000061035156,5171900
2023-03-31,SNOW,142.80999755859375,154.44000244140625,141.8300018310547,154.2899932861328,154.2899932861328,8611600
2023-04-03,SNOW,152.77999877929688,154.25,148.72000122070312,150.0,150.0,4290100
2023-04-04,SNOW,151.0,158.0,150.75,155.42999267578125,155.42999267578125,9213700
2023-04-05,SNOW,154.8300018310547,156.0399932861328,144.13999938964844,146.47999572753906,146.47999572753906,5422100
2023-04-06,SNOW,144.58999633789062,146.05999755859375,140.8800048828125,145.67999267578125,145.67999267578125,3326900
2023-04-10,SNOW,143.33999633789062,147.99000549316406,141.60000610351562,147.77000427246094,147.77000427246094,3484900
2023-04-11,SNOW,139.67999267578125,142.39999389648438,136.58999633789062,139.19000244140625,139.19000244140625,10945800
2023-04-12,SNOW,141.89999389648438,144.5,139.32000732421875,139.66000366210938,139.66000366210938,6993500
2023-04-13,SNOW,141.08999633789062,144.54800415039062,140.5500030517578,141.3800048828125,141.3800048828125,4832500
2023-04-14,SNOW,140.0,142.1999969482422,138.30999755859375,142.1300048828125,142.1300048828125,5472600
2023-04-17,SNOW,142.1300048828125,145.85000610351562,141.8300018310547,145.25999450683594,145.25999450683594,3970500
2023-04-18,SNOW,147.52999877929688,147.57000732421875,142.1699981689453,145.88999938964844,145.88999938964844,4021800
2023-04-19,SNOW,144.4499969482422,146.4600067138672,143.64999389648438,144.5500030517578,144.5500030517578,2887400
2023-04-20,SNOW,142.3000030517578,144.1300048828125,141.74000549316406,142.72000122070312,142.72000122070312,2993900
2023-04-21,SNOW,144.07000732421875,146.8000030517578,143.52000427246094,145.19000244140625,145.19000244140625,3672200
2023-04-24,SNOW,144.85000610351562,145.80999755859375,140.7729949951172,142.50999450683594,142.50999450683594,3470900
2023-04-25,SNOW,140.55999755859375,140.66000366210938,135.25999450683594,135.47999572753906,135.47999572753906,7176400
2023-04-26,SNOW,142.77999877929688,149.27999877929688,142.60000610351562,147.05999755859375,147.05999755859375,9439700
2023-04-27,SNOW,148.32000732421875,149.8800048828125,145.1300048828125,148.77000427246094,148.77000427246094,5736400
2023-04-28,SNOW,145.6699981689453,148.75999450683594,140.8699951171875,148.0800018310547,148.0800018310547,5223100
2023-05-01,SNOW,148.14999389648438,148.4600067138672,145.00999450683594,146.97000122070312,146.97000122070312,3011100
2023-05-02,SNOW,146.44000244140625,147.0500030517578,143.5399932861328,144.83999633789062,144.83999633789062,2845500
2023-05-03,SNOW,144.07000732421875,147.58999633789062,142.44200134277344,144.63999938964844,144.63999938964844,3309100
2023-05-04,SNOW,148.97999572753906,156.58999633789062,148.86000061035156,155.27000427246094,155.27000427246094,7030500
2023-05-05,SNOW,155.75,159.0500030517578,153.0,154.1699981689453,154.1699981689453,4536000
2023-05-08,SNOW,160.11000061035156,163.1820068359375,156.2899932861328,160.4199981689453,160.4199981689453,5587200
2023-05-09,SNOW,158.97000122070312,164.55999755859375,158.61000061035156,163.8699951171875,163.8699951171875,3767300
2023-05-10,SNOW,165.80999755859375,173.27000427246094,165.1999969482422,172.0399932861328,172.0399932861328,6799400
2023-05-11,SNOW,170.2100067138672,171.77999877929688,168.85000610351562,170.07000732421875,170.07000732421875,3466400
2023-05-12,SNOW,169.1999969482422,171.32000732421875,166.4199981689453,167.39999389648438,167.39999389648438,4036600
2023-05-15,SNOW,167.66000366210938,172.8800048828125,166.89999389648438,172.0500030517578,172.0500030517578,3436500
2023-05-16,SNOW,170.13999938964844,173.0500030517578,168.7899932861328,171.7100067138672,171.7100067138672,3480000
2023-05-17,SNOW,172.08999633789062,174.5500030517578,170.3000030517578,174.02000427246094,174.02000427246094,4335600
2023-05-18,SNOW,175.97000122070312,185.0,175.50999450683594,184.30999755859375,184.30999755859375,7229100
2023-05-19,SNOW,181.17999267578125,182.4600067138672,175.7100067138672,176.82000732421875,176.82000732421875,6561400
2023-05-22,SNOW,176.50999450683594,182.1999969482422,175.39300537109375,178.47000122070312,178.47000122070312,4424300
2023-05-23,SNOW,177.0399932861328,182.5,175.08200073242188,175.16000366210938,175.16000366210938,4558500
2023-05-24,SNOW,173.63999938964844,178.39999389648438,172.12100219726562,177.13999938964844,177.13999938964844,10020800
2023-05-25,SNOW,150.47000122070312,158.72999572753906,143.11000061035156,147.91000366210938,147.91000366210938,23970000
2023-05-26,SNOW,146.86000061035156,152.89999389648438,144.8249969482422,150.00999450683594,150.00999450683594,11503500
2023-05-30,SNOW,151.17999267578125,159.99000549316406,150.5,158.64999389648438,158.64999389648438,9655800
2023-05-31,SNOW,158.0,168.97999572753906,157.42999267578125,165.36000061035156,165.36000061035156,14605700
2023-06-01,SNOW,160.3699951171875,169.4600067138672,160.0,167.27999877929688,167.27999877929688,5597700
2023-06-02,SNOW,172.3000030517578,182.9499969482422,172.0800018310547,175.2100067138672,175.2100067138672,9746200
2023-06-05,SNOW,175.80999755859375,183.5500030517578,175.5,181.75,181.75,5608700
2023-06-06,SNOW,181.25,185.0399932861328,181.1699981689453,182.22000122070312,182.22000122070312,5827700
2023-06-07,SNOW,182.00999450683594,183.0,167.36700439453125,169.07000732421875,169.07000732421875,8407600
2023-06-08,SNOW,167.65499877929688,174.66000366210938,166.39999389648438,174.30999755859375,174.30999755859375,5847400
2023-06-09,SNOW,174.30999755859375,176.5260009765625,169.2899932861328,170.64999389648438,170.64999389648438,5311100
2023-06-12,SNOW,170.27000427246094,172.3800048828125,167.83799743652344,171.88999938964844,171.88999938964844,5090300
2023-06-13,SNOW,173.02999877929688,174.86000061035156,168.75999450683594,173.44000244140625,173.44000244140625,4183000
2023-06-14,SNOW,172.72999572753906,181.3300018310547,171.11000061035156,181.07000732421875,181.07000732421875,6664400
2023-06-15,SNOW,179.17999267578125,191.64999389648438,178.35000610351562,190.97999572753906,190.97999572753906,9779300
2023-06-16,SNOW,191.57000732421875,193.94000244140625,182.92100524902344,184.17999267578125,184.17999267578125,6585100
2023-06-20,SNOW,183.3000030517578,185.67100524902344,176.71099853515625,179.0800018310547,179.0800018310547,5301800
2023-06-21,SNOW,180.6999969482422,183.60000610351562,173.25999450683594,173.38999938964844,173.38999938964844,5463300
2023-06-22,SNOW,171.17999267578125,179.74000549316406,170.82000732421875,178.60000610351562,178.60000610351562,5186300
2023-06-23,SNOW,175.75,181.81700134277344,174.61000061035156,178.25,178.25,6245500
2023-06-26,SNOW,180.58999633789062,183.38999938964844,169.50999450683594,169.83999633789062,169.83999633789062,6906800
2023-06-27,SNOW,176.99000549316406,179.14999389648438,170.55999755859375,177.02000427246094,177.02000427246094,9516400
2023-06-28,SNOW,179.17999267578125,191.94000244140625,178.85000610351562,183.85000610351562,183.85000610351562,13895600
2023-06-29,SNOW,183.5500030517578,186.1699981689453,175.12100219726562,175.77000427246094,175.77000427246094,9010600
2023-06-30,SNOW,179.3300018310547,181.5,175.75,175.97999572753906,175.97999572753906,7332300
2023-07-03,SNOW,176.0,178.10000610351562,174.64999389648438,176.99000549316406,176.99000549316406,2665300
2023-07-05,SNOW,175.0,175.90199279785156,170.6300048828125,172.5500030517578,172.5500030517578,6166800
2023-07-06,SNOW,169.82000732421875,173.1020050048828,167.48500061035156,172.19000244140625,172.19000244140625,4744200
2023-07-07,SNOW,173.3699951171875,176.41000366210938,170.49000549316406,170.61000061035156,170.61000061035156,3206700
2023-07-10,SNOW,166.52999877929688,170.47999572753906,162.60000610351562,169.64999389648438,169.64999389648438,6857300
2023-07-11,SNOW,171.1999969482422,174.343994140625,169.32000732421875,172.0500030517578,172.0500030517578,4267400
2023-07-12,SNOW,175.08999633789062,175.75999450683594,170.22000122070312,171.92999267578125,171.92999267578125,4546900
2023-07-13,SNOW,175.8249969482422,184.4499969482422,175.27000427246094,184.22000122070312,184.22000122070312,8873500
2023-07-14,SNOW,184.94000244140625,187.7899932861328,180.07000732421875,180.7899932861328,180.7899932861328,5350500
2023-07-17,SNOW,182.5,185.5800018310547,181.11000061035156,184.2100067138672,184.2100067138672,3675500
2023-07-18,SNOW,185.47999572753906,189.24000549316406,182.10000610351562,188.1999969482422,188.1999969482422,4361100
2023-07-19,SNOW,191.86000061035156,193.22999572753906,185.14999389648438,185.4499969482422,185.4499969482422,3933200
2023-07-20,SNOW,182.47000122070312,183.9499969482422,175.5500030517578,176.3300018310547,176.3300018310547,6092900
2023-07-21,SNOW,178.67999267578125,180.80999755859375,175.85000610351562,175.89999389648438,175.89999389648438,4017300
2023-07-24,SNOW,176.11000061035156,177.35000610351562,172.86000061035156,174.8000030517578,174.8000030517578,3464800
2023-07-25,SNOW,177.0,181.8000030517578,176.30999755859375,179.2899932861328,179.2899932861328,3775600
2023-07-26,SNOW,174.1999969482422,174.3000030517578,168.2449951171875,170.0,170.0,6916300
2023-07-27,SNOW,174.32000732421875,175.39999389648438,167.02000427246094,168.27000427246094,168.27000427246094,4820700
2023-07-28,SNOW,170.9600067138672,175.35000610351562,169.72000122070312,174.8300018310547,174.8300018310547,4760500
2023-07-31,SNOW,176.97999572753906,181.36399841308594,176.97999572753906,177.7100067138672,177.7100067138672,3480300
2023-08-01,SNOW,175.22999572753906,177.7100067138672,174.82000732421875,176.5800018310547,176.5800018310547,2445700
2023-08-02,SNOW,172.5,172.7969970703125,164.50999450683594,164.60000610351562,164.60000610351562,5348400
2023-08-03,SNOW,163.4600067138672,164.72000122070312,159.52999877929688,161.0500030517578,161.0500030517578,7631800
2023-08-04,SNOW,171.36000061035156,172.44000244140625,165.0850067138672,166.6699981689453,166.6699981689453,7326400
2023-08-07,SNOW,168.00999450683594,168.61000061035156,163.6199951171875,166.6699981689453,166.6699981689453,3540500
2023-08-08,SNOW,157.22999572753906,160.72000122070312,154.1699981689453,156.3300018310547,156.3300018310547,11725300
2023-08-09,SNOW,157.85000610351562,158.9499969482422,153.32000732421875,154.07000732421875,154.07000732421875,4363800
2023-08-10,SNOW,155.41000366210938,158.8300018310547,153.9550018310547,155.02000427246094,155.02000427246094,3248900
2023-08-11,SNOW,153.3000030517578,155.42999267578125,151.3699951171875,153.3699951171875,153.3699951171875,3969900
2023-08-14,SNOW,151.5399932861328,153.14999389648438,150.07000732421875,152.86000061035156,152.86000061035156,3136700
2023-08-15,SNOW,151.57000732421875,153.39999389648438,150.0800018310547,151.10000610351562,151.10000610351562,2644600
2023-08-16,SNOW,151.1999969482422,152.75,148.83999633789062,149.69000244140625,149.69000244140625,3561600
2023-08-17,SNOW,149.8699951171875,150.88999938964844,146.08999633789062,146.94000244140625,146.94000244140625,4348400
2023-08-18,SNOW,144.49000549316406,147.86000061035156,142.39999389648438,147.6300048828125,147.6300048828125,5848600
2023-08-21,SNOW,149.05999755859375,153.11000061035156,149.05999755859375,151.8800048828125,151.8800048828125,5671000
2023-08-22,SNOW,153.8800048828125,154.19000244140625,151.5500030517578,152.5800018310547,152.5800018310547,4994100
2023-08-23,SNOW,151.8699951171875,157.4600067138672,151.8000030517578,155.6999969482422,155.6999969482422,10302600
2023-08-24,SNOW,161.5500030517578,161.92999267578125,145.39999389648438,147.6699981689453,147.6699981689453,14065800
2023-08-25,SNOW,147.10000610351562,153.60000610351562,146.8699951171875,152.5500030517578,152.5500030517578,6322800
2023-08-28,SNOW,152.82000732421875,154.97000122070312,148.3699951171875,148.75,148.75,5474600
2023-08-29,SNOW,148.0800018310547,153.77000427246094,147.9600067138672,153.3000030517578,153.3000030517578,4601100
2023-08-30,SNOW,152.99000549316406,156.74000549316406,151.86500549316406,155.33999633789062,155.33999633789062,3573100
2023-08-31,SNOW,156.0,158.5,155.55999755859375,156.85000610351562,156.85000610351562,4404100
2023-09-01,SNOW,158.10000610351562,160.02000427246094,156.75,157.0800018310547,157.0800018310547,3683700
2023-09-05,SNOW,156.3000030517578,159.77000427246094,155.99000549316406,159.3800048828125,159.3800048828125,3219100
2023-09-06,SNOW,157.49000549316406,159.00999450683594,155.97000122070312,157.49000549316406,157.49000549316406,2161300
2023-09-07,SNOW,153.82000732421875,159.9499969482422,153.3300018310547,159.83999633789062,159.83999633789062,2884200
2023-09-08,SNOW,165.2100067138672,167.75,163.9199981689453,165.9499969482422,165.9499969482422,7721400
2023-09-11,SNOW,166.27000427246094,172.35000610351562,166.25999450683594,170.1699981689453,170.1699981689453,5628800
2023-09-12,SNOW,168.9199981689453,171.52000427246094,166.47000122070312,166.8300018310547,166.8300018310547,3957100
2023-09-13,SNOW,166.22999572753906,167.8800048828125,163.7899932861328,165.33999633789062,165.33999633789062,2714500
2023-09-14,SNOW,166.88999938964844,167.39999389648438,161.1300048828125,162.97999572753906,162.97999572753906,4021600
2023-09-15,SNOW,161.63999938964844,163.7100067138672,160.25999450683594,162.41000366210938,162.41000366210938,6648300
2023-09-18,SNOW,160.3699951171875,162.8699951171875,159.57000732421875,161.4499969482422,161.4499969482422,2368100
2023-09-19,SNOW,161.13999938964844,161.85000610351562,156.9600067138672,159.74000549316406,159.74000549316406,3792800
2023-09-20,SNOW,159.55999755859375,161.27999877929688,157.94000244140625,158.6300048828125,158.6300048828125,3341700
2023-09-21,SNOW,155.19000244140625,156.19000244140625,148.5399932861328,149.02999877929688,149.02999877929688,6621700
2023-09-22,SNOW,151.4199981689453,152.6300048828125,149.6699981689453,149.6999969482422,149.6999969482422,2914800
2023-09-25,SNOW,148.82000732421875,150.47000122070312,147.6699981689453,149.74000549316406,149.74000549316406,3271900
2023-09-26,SNOW,148.8000030517578,150.6529998779297,146.50999450683594,147.0500030517578,147.0500030517578,3225200
2023-09-27,SNOW,148.07000732421875,149.468994140625,146.10000610351562,147.52000427246094,147.52000427246094,3515800
2023-09-28,SNOW,145.52000427246094,151.552001953125,141.7899932861328,151.1199951171875,151.1199951171875,5110100
2023-09-29,SNOW,153.41000366210938,155.16799926757812,152.4600067138672,152.77000427246094,152.77000427246094,4294100
2023-10-02,SNOW,152.27000427246094,153.2899932861328,149.8000030517578,151.1699981689453,151.1699981689453,3414800
2023-10-03,SNOW,149.0800018310547,151.91000366210938,147.8699951171875,148.7899932861328,148.7899932861328,4035800
2023-10-04,SNOW,150.75,152.6999969482422,149.24000549316406,151.9600067138672,151.9600067138672,3040200
2023-10-05,SNOW,154.0500030517578,155.30999755859375,149.6699981689453,150.25,150.25,3931700
2023-10-06,SNOW,148.0,160.35000610351562,148.0,159.9499969482422,159.9499969482422,5656300
2023-10-09,SNOW,158.5,163.28500366210938,158.2899932861328,161.80999755859375,161.80999755859375,2901500
2023-10-10,SNOW,163.0,166.42999267578125,162.5,163.1300048828125,163.1300048828125,3207700
2023-10-11,SNOW,163.9199981689453,165.802001953125,162.44000244140625,163.5399932861328,163.5399932861328,2263200
2023-10-12,SNOW,161.72000122070312,163.8000030517578,159.30999755859375,159.9600067138672,159.9600067138672,2872200
2023-10-13,SNOW,160.66000366210938,161.5399932861328,156.96800231933594,157.16000366210938,157.16000366210938,2817300
2023-10-16,SNOW,157.89999389648438,163.1300048828125,156.91000366210938,162.1300048828125,162.1300048828125,2777000
2023-10-17,SNOW,158.97999572753906,162.6999969482422,158.5800018310547,159.38999938964844,159.38999938964844,3376000
2023-10-18,SNOW,159.39999389648438,160.59300231933594,152.33999633789062,153.22999572753906,153.22999572753906,3229200
2023-10-19,SNOW,154.75999450683594,158.08999633789062,153.1199951171875,153.42999267578125,153.42999267578125,2687500
2023-10-20,SNOW,153.0,154.08999633789062,147.3489990234375,147.6699981689453,147.6699981689453,3645400
